﻿{"inkVersion":20,"root":[[{"->":"Jupe"},["done",{"#f":5,"#n":"g-0"}],null],"done",{"Jupe":["^Radar: Incoming planet - Jupe. Population: 40 Million. Home to Galacton species. Producers of Mega Seeds.","\n","^Astronaut: We need those seeds. Take us in for a closer look.","\n","^Astronaut: Greetings.","\n","^JupeNupe: Greetings, Earthling, I am JupeNupe. I was informed by our JupeTroops that your ship was approaching. What is your reason for this visit?","\n","^Astronaut: My home planet is slowly dying and I need to retrieve a large quanity of your Mega Seeds. I will find a way to repay you for your assistance.","\n","^JupeNupe:You are a long way from home, and you seek resources. You may have a portion of our last harvest.","\n","^JupeNupe: However I nned you to answer these two questions before I can trust your intentions.","\n",{"->":"Riddle1"},{"#f":1}],"Riddle1":["^Remove the seedsn And carve a facenYour front doorstepnIs where its placed.","\n","^What am I?","\n",[["ev",{"^->":"Riddle1.4.0.$r1"},{"temp=":"$r"},"str",{"->":".^.s"},[{"#n":"$r1"}],"/str","/ev",{"*":".^.^.c-0","flg":18},{"s":["^A Tree Trunk",{"->":"$r","var":true},null]}],["ev",{"^->":"Riddle1.4.1.$r1"},{"temp=":"$r"},"str",{"->":".^.s"},[{"#n":"$r1"}],"/str","/ev",{"*":".^.^.c-1","flg":18},{"s":["^Watermelon",{"->":"$r","var":true},null]}],["ev",{"^->":"Riddle1.4.2.$r1"},{"temp=":"$r"},"str",{"->":".^.s"},[{"#n":"$r1"}],"/str","/ev",{"*":".^.^.c-2","flg":18},{"s":["^Pumpkin",{"->":"$r","var":true},null]}],["ev",{"^->":"Riddle1.4.3.$r1"},{"temp=":"$r"},"str",{"->":".^.s"},[{"#n":"$r1"}],"/str","/ev",{"*":".^.^.c-3","flg":18},{"s":["^A Strawberry",{"->":"$r","var":true},null]}],{"c-0":["ev",{"^->":"Riddle1.4.c-0.$r2"},"/ev",{"temp=":"$r"},{"->":".^.^.0.s"},[{"#n":"$r2"}],"\n",{"->":"Incorrect"},{"#f":5}],"c-1":["ev",{"^->":"Riddle1.4.c-1.$r2"},"/ev",{"temp=":"$r"},{"->":".^.^.1.s"},[{"#n":"$r2"}],"\n",{"->":"Incorrect"},{"#f":5}],"c-2":["ev",{"^->":"Riddle1.4.c-2.$r2"},"/ev",{"temp=":"$r"},{"->":".^.^.2.s"},[{"#n":"$r2"}],"\n","^JUPENUPE: You halfway to taking the farm. Get the next one right and you’re all good to go.","\n",{"->":"Riddle2"},{"#f":5}],"c-3":["ev",{"^->":"Riddle1.4.c-3.$r2"},"/ev",{"temp=":"$r"},{"->":".^.^.3.s"},[{"#n":"$r2"}],"\n",{"->":"Incorrect"},{"#f":5}]}],{"#f":1}],"Riddle2":["^I am a seed,","\n","^with three letters to my name.","\n","^Take away the last two,","\n","^and I still sound the same.","\n",[["ev",{"^->":"Riddle2.8.0.$r1"},{"temp=":"$r"},"str",{"->":".^.s"},[{"#n":"$r1"}],"/str","/ev",{"*":".^.^.c-0","flg":18},{"s":["^Pea",{"->":"$r","var":true},null]}],["ev",{"^->":"Riddle2.8.1.$r1"},{"temp=":"$r"},"str",{"->":".^.s"},[{"#n":"$r1"}],"/str","/ev",{"*":".^.^.c-1","flg":18},{"s":["^Root",{"->":"$r","var":true},null]}],["ev",{"^->":"Riddle2.8.2.$r1"},{"temp=":"$r"},"str",{"->":".^.s"},[{"#n":"$r1"}],"/str","/ev",{"*":".^.^.c-2","flg":18},{"s":["^Soil",{"->":"$r","var":true},null]}],["ev",{"^->":"Riddle2.8.3.$r1"},{"temp=":"$r"},"str",{"->":".^.s"},[{"#n":"$r1"}],"/str","/ev",{"*":".^.^.c-3","flg":18},{"s":["^Sunflower Seed",{"->":"$r","var":true},null]}],{"c-0":["ev",{"^->":"Riddle2.8.c-0.$r2"},"/ev",{"temp=":"$r"},{"->":".^.^.0.s"},[{"#n":"$r2"}],"\n",{"->":"Completion"},{"#f":5}],"c-1":["ev",{"^->":"Riddle2.8.c-1.$r2"},"/ev",{"temp=":"$r"},{"->":".^.^.1.s"},[{"#n":"$r2"}],"\n",{"->":"Incorrect"},{"#f":5}],"c-2":["ev",{"^->":"Riddle2.8.c-2.$r2"},"/ev",{"temp=":"$r"},{"->":".^.^.2.s"},[{"#n":"$r2"}],"\n",{"->":"Incorrect"},{"#f":5}],"c-3":["ev",{"^->":"Riddle2.8.c-3.$r2"},"/ev",{"temp=":"$r"},{"->":".^.^.3.s"},[{"#n":"$r2"}],"\n",{"->":"Incorrect"},{"#f":5}]}],{"#f":1}],"Incorrect":["^Wrong answer Earthling, please head back to your ship. You cannot just answer one as our farms just aren’t worth that value.","\n","done",{"#f":1}],"Completion":["^JUPENUPE: Congratulations, you’ve earned yourself a farm. It should last you for a century.","\n","done",{"#f":1}],"#f":1}],"listDefs":{}}