﻿{"inkVersion":20,"root":[[{"->":"Nepto"},["done",{"#f":5,"#n":"g-0"}],null],"done",{"Nepto":["^Radar: “Incoming Planet – NEPTO. Home to 10 million Neptonians and houses 50 tanks of the freshest water. We need to get our hands on such amounts to get the seed farm growing. Let’s land and look around.”","\n","^Astronaut: \"Take us in.\"","\n","^AstroNaut: “Greetings”","\n","^NeptKing: “Greetings Earthling, I am NeptKing, the leader of this great planet. I was informed by the Neptunians that you were landing near on this great surface. Why do you seek us?”","\n","^AstroNaut: “My planet is deprived of water; I need to somehow gain some from you. At what cost does it come?”","\n","^NeptKing: “Your planet is dying and here you are?! Sure, you can have one mega farm but first you must answer my two riddles.","\n",{"->":"Riddle1"},{"#f":1}],"Riddle1":["^I am the child of water, nbut take me to the water, I'll die. n What am I?","\n",[["ev",{"^->":"Riddle1.2.0.$r1"},{"temp=":"$r"},"str",{"->":".^.s"},[{"#n":"$r1"}],"/str","/ev",{"*":".^.^.c-0","flg":18},{"s":["^Ice",{"->":"$r","var":true},null]}],["ev",{"^->":"Riddle1.2.1.$r1"},{"temp=":"$r"},"str",{"->":".^.s"},[{"#n":"$r1"}],"/str","/ev",{"*":".^.^.c-1","flg":18},{"s":["^Waves",{"->":"$r","var":true},null]}],["ev",{"^->":"Riddle1.2.2.$r1"},{"temp=":"$r"},"str",{"->":".^.s"},[{"#n":"$r1"}],"/str","/ev",{"*":".^.^.c-2","flg":18},{"s":["^Sweat",{"->":"$r","var":true},null]}],["ev",{"^->":"Riddle1.2.3.$r1"},{"temp=":"$r"},"str",{"->":".^.s"},[{"#n":"$r1"}],"/str","/ev",{"*":".^.^.c-3","flg":18},{"s":["^Oxygen",{"->":"$r","var":true},null]}],{"c-0":["ev",{"^->":"Riddle1.2.c-0.$r2"},"/ev",{"temp=":"$r"},{"->":".^.^.0.s"},[{"#n":"$r2"}],"\n","^NeptKing: “Our great water is filled with everything and is crystal clear. Clear as any diamond. Get the next one right and you’ll fly away with the most valuable resource.”","\n",{"->":"Riddle2"},{"#f":5}],"c-1":["ev",{"^->":"Riddle1.2.c-1.$r2"},"/ev",{"temp=":"$r"},{"->":".^.^.1.s"},[{"#n":"$r2"}],"\n",{"->":"Incorrect"},{"#f":5}],"c-2":["ev",{"^->":"Riddle1.2.c-2.$r2"},"/ev",{"temp=":"$r"},{"->":".^.^.2.s"},[{"#n":"$r2"}],"\n",{"->":"Incorrect"},{"#f":5}],"c-3":["ev",{"^->":"Riddle1.2.c-3.$r2"},"/ev",{"temp=":"$r"},{"->":".^.^.3.s"},[{"#n":"$r2"}],"\n",{"->":"Incorrect"},{"#f":5}]}],{"#f":1}],"Riddle2":["^I run forever, but do not move at all. nI Have no Lungsbut a roaring call.","\n",[["ev",{"^->":"Riddle2.2.0.$r1"},{"temp=":"$r"},"str",{"->":".^.s"},[{"#n":"$r1"}],"/str","/ev",{"*":".^.^.c-0","flg":18},{"s":["^Waterfall",{"->":"$r","var":true},null]}],["ev",{"^->":"Riddle2.2.1.$r1"},{"temp=":"$r"},"str",{"->":".^.s"},[{"#n":"$r1"}],"/str","/ev",{"*":".^.^.c-1","flg":18},{"s":["^River",{"->":"$r","var":true},null]}],["ev",{"^->":"Riddle2.2.2.$r1"},{"temp=":"$r"},"str",{"->":".^.s"},[{"#n":"$r1"}],"/str","/ev",{"*":".^.^.c-2","flg":18},{"s":["^Tide",{"->":"$r","var":true},null]}],["ev",{"^->":"Riddle2.2.3.$r1"},{"temp=":"$r"},"str",{"->":".^.s"},[{"#n":"$r1"}],"/str","/ev",{"*":".^.^.c-3","flg":18},{"s":["^Ocean",{"->":"$r","var":true},null]}],{"c-0":["ev",{"^->":"Riddle2.2.c-0.$r2"},"/ev",{"temp=":"$r"},{"->":".^.^.0.s"},[{"#n":"$r2"}],"\n","^NeptKing: “Congratulations, you’ve earned yourself a tank of the freshest water in the entire universe. It should last you forever as its flow is endless.”","\n","done",{"#f":5}],"c-1":["ev",{"^->":"Riddle2.2.c-1.$r2"},"/ev",{"temp=":"$r"},{"->":".^.^.1.s"},[{"#n":"$r2"}],"\n",{"->":"Incorrect"},{"#f":5}],"c-2":["ev",{"^->":"Riddle2.2.c-2.$r2"},"/ev",{"temp=":"$r"},{"->":".^.^.2.s"},[{"#n":"$r2"}],"\n",{"->":"Incorrect"},{"#f":5}],"c-3":["ev",{"^->":"Riddle2.2.c-3.$r2"},"/ev",{"temp=":"$r"},{"->":".^.^.3.s"},[{"#n":"$r2"}],"\n",{"->":"Incorrect"},{"#f":5}]}],{"#f":1}],"Incorrect":["^NeptKing: \"I undertand that you have come far, but you have failed my challenge, and Icannot allow you to use our precious resource.\"","\n","done",{"#f":1}],"#f":1}],"listDefs":{}}